Timestamp_Sec,Person_ID,Seat_Zone,Head_Pitch,Head_Yaw,Wrist_Above_Shoulder,Motion_Level,Phone_Near
0.0,S1,R1C1,4,-2,no,0.29,no
0.0,S2,R2C2,2,-3,no,0.32,no
0.0,S3,R3C1,2,-1,no,0.3,no
0.0,S4,R3C2,6,-2,no,0.27,no
0.5,S1,R1C1,5,0,no,0.27,no
0.5,S2,R2C2,2,1,no,0.3,no
0.5,S3,R3C1,8,1,no,0.28,no
0.5,S4,R3C2,3,2,no,0.31,no
1.0,S1,R1C1,2,1,no,0.31,no
1.0,S2,R2C2,2,-2,no,0.27,no
1.0,S3,R3C1,8,-2,no,0.29,no
1.0,S4,R3C2,3,1,no,0.28,no
1.5,S1,R1C1,4,1,no,0.32,no
1.5,S2,R2C2,3,-3,no,0.3,no
1.5,S3,R3C1,7,-2,no,0.29,no
1.5,S4,R3C2,6,2,no,0.27,no
2.0,S1,R1C1,2,1,no,0.28,no
2.0,S2,R2C2,7,1,no,0.3,no
2.0,S3,R3C1,4,0,no,0.31,no
2.0,S4,R3C2,5,-1,no,0.29,no
2.5,S1,R1C1,8,-2,no,0.31,no
2.5,S2,R2C2,3,-3,no,0.3,no
2.5,S3,R3C1,6,0,no,0.32,no
2.5,S4,R3C2,7,0,no,0.29,no
3.0,S1,R1C1,2,-3,no,0.3,no
3.0,S2,R2C2,3,3,no,0.29,no
3.0,S3,R3C1,5,0,no,0.27,no
3.0,S4,R3C2,7,-3,no,0.32,no
3.5,S1,R1C1,6,3,no,0.32,no
3.5,S2,R2C2,4,-1,no,0.31,no
3.5,S3,R3C1,6,0,no,0.3,no
3.5,S4,R3C2,5,-3,no,0.32,no
4.0,S1,R1C1,4,0,no,0.31,no
4.0,S2,R2C2,2,-3,no,0.31,no
4.0,S3,R3C1,4,2,no,0.3,no
4.0,S4,R3C2,7,3,no,0.3,no
4.5,S1,R1C1,7,0,no,0.32,no
4.5,S2,R2C2,4,-3,no,0.33,no
4.5,S3,R3C1,4,-2,no,0.31,no
4.5,S4,R3C2,5,-3,no,0.28,no
5.0,S1,R1C1,4,-2,no,0.31,no
5.0,S2,R2C2,5,0,no,0.33,no
5.0,S3,R3C1,5,-3,no,0.28,no
5.0,S4,R3C2,5,1,no,0.29,no
5.5,S1,R1C1,3,3,no,0.3,no
5.5,S2,R2C2,6,-1,no,0.31,no
5.5,S3,R3C1,4,2,no,0.32,no
5.5,S4,R3C2,3,-2,no,0.27,no
6.0,S1,R1C1,3,-2,no,0.31,no
6.0,S2,R2C2,2,0,no,0.32,no
6.0,S3,R3C1,3,-1,no,0.29,no
6.0,S4,R3C2,3,0,no,0.3,no
6.5,S1,R1C1,6,1,no,0.29,no
6.5,S2,R2C2,3,2,no,0.32,no
6.5,S3,R3C1,6,2,no,0.31,no
6.5,S4,R3C2,2,0,no,0.32,no
7.0,S1,R1C1,8,3,no,0.31,no
7.0,S2,R2C2,6,0,no,0.29,no
7.0,S3,R3C1,5,-3,no,0.3,no
7.0,S4,R3C2,5,-3,no,0.28,no
7.5,S1,R1C1,3,0,no,0.28,no
7.5,S2,R2C2,4,1,no,0.27,no
7.5,S3,R3C1,2,1,no,0.28,no
7.5,S4,R3C2,2,-1,no,0.31,no
8.0,S1,R1C1,2,3,no,0.28,no
8.0,S2,R2C2,5,-2,no,0.31,no
8.0,S3,R3C1,4,1,no,0.29,no
8.0,S4,R3C2,2,-3,no,0.32,no
8.5,S1,R1C1,5,0,no,0.3,no
8.5,S2,R2C2,2,-2,no,0.28,no
8.5,S3,R3C1,4,2,no,0.29,no
8.5,S4,R3C2,8,2,no,0.28,no
9.0,S1,R1C1,2,-2,no,0.33,no
9.0,S2,R2C2,6,-1,no,0.28,no
9.0,S3,R3C1,6,-3,no,0.32,no
9.0,S4,R3C2,4,2,no,0.32,no
9.5,S1,R1C1,7,3,no,0.29,no
9.5,S2,R2C2,4,-2,no,0.29,no
9.5,S3,R3C1,3,1,no,0.3,no
9.5,S4,R3C2,6,-1,no,0.31,no
10.0,S1,R1C1,6,3,no,0.32,no
10.0,S2,R2C2,8,3,no,0.28,no
10.0,S3,R3C1,3,3,no,0.29,no
10.0,S4,R3C2,8,38,no,0.33,no
10.5,S1,R1C1,5,-1,no,0.31,no
10.5,S2,R2C2,2,3,no,0.29,no
10.5,S3,R3C1,4,-2,no,0.31,no
10.5,S4,R3C2,4,40,no,0.37,no
11.0,S1,R1C1,7,-1,no,0.33,no
11.0,S2,R2C2,4,-3,no,0.28,no
11.0,S3,R3C1,3,0,no,0.28,no
11.0,S4,R3C2,3,40,no,0.36,no
11.5,S1,R1C1,6,3,no,0.27,no
11.5,S2,R2C2,7,-1,no,0.32,no
11.5,S3,R3C1,2,3,no,0.31,no
11.5,S4,R3C2,5,43,no,0.36,no
12.0,S1,R1C1,3,0,yes,0.32,no
12.0,S2,R2C2,5,3,no,0.31,no
12.0,S3,R3C1,2,3,no,0.33,no
12.0,S4,R3C2,7,40,no,0.35,no
12.5,S1,R1C1,7,-3,no,0.31,no
12.5,S2,R2C2,3,-2,no,0.27,no
12.5,S3,R3C1,6,0,no,0.32,no
12.5,S4,R3C2,3,41,no,0.37,no
13.0,S1,R1C1,5,2,no,0.33,no
13.0,S2,R2C2,3,1,no,0.3,no
13.0,S3,R3C1,2,-3,no,0.32,no
13.0,S4,R3C2,7,42,no,0.33,no
13.5,S1,R1C1,7,-2,no,0.3,no
13.5,S2,R2C2,8,-2,no,0.32,no
13.5,S3,R3C1,3,-3,no,0.29,no
13.5,S4,R3C2,4,41,no,0.33,no
14.0,S1,R1C1,6,-1,no,0.29,no
14.0,S2,R2C2,5,3,no,0.28,no
14.0,S3,R3C1,7,-1,no,0.32,no
14.0,S4,R3C2,7,41,no,0.37,no
14.5,S1,R1C1,6,0,no,0.32,no
14.5,S2,R2C2,6,-2,no,0.3,no
14.5,S3,R3C1,6,1,no,0.27,no
14.5,S4,R3C2,5,43,no,0.33,no
15.0,S1,R1C1,2,3,no,0.32,no
15.0,S2,R2C2,3,-2,no,0.3,no
15.0,S3,R3C1,7,-3,no,0.3,no
15.0,S4,R3C2,4,42,no,0.35,no
15.5,S1,R1C1,6,0,no,0.32,no
15.5,S2,R2C2,2,1,no,0.27,no
15.5,S3,R3C1,3,-1,no,0.27,no
15.5,S4,R3C2,2,41,no,0.35,no
16.0,S1,R1C1,2,3,no,0.32,no
16.0,S2,R2C2,2,0,no,0.29,no
16.0,S3,R3C1,6,1,no,0.3,no
16.0,S4,R3C2,7,39,no,0.35,no
16.5,S1,R1C1,6,3,no,0.3,no
16.5,S2,R2C2,3,2,no,0.3,no
16.5,S3,R3C1,4,1,no,0.32,no
16.5,S4,R3C2,3,43,no,0.35,no
17.0,S1,R1C1,5,-3,no,0.29,no
17.0,S2,R2C2,4,-3,no,0.31,no
17.0,S3,R3C1,5,-3,no,0.28,no
17.0,S4,R3C2,4,43,no,0.33,no
17.5,S1,R1C1,8,-2,no,0.33,no
17.5,S2,R2C2,7,2,no,0.29,no
17.5,S3,R3C1,4,-2,no,0.33,no
17.5,S4,R3C2,3,42,no,0.38,no
18.0,S1,R1C1,5,0,no,0.28,no
18.0,S2,R2C2,7,3,no,0.28,no
18.0,S3,R3C1,7,0,no,0.33,no
18.0,S4,R3C2,5,39,no,0.35,no
18.5,S1,R1C1,4,-1,no,0.28,no
18.5,S2,R2C2,4,-3,no,0.29,no
18.5,S3,R3C1,5,0,no,0.31,no
18.5,S4,R3C2,5,39,no,0.35,no
19.0,S1,R1C1,4,1,no,0.33,no
19.0,S2,R2C2,2,3,no,0.28,no
19.0,S3,R3C1,2,-3,no,0.29,no
19.0,S4,R3C2,2,43,no,0.33,no
19.5,S1,R1C1,8,-2,no,0.32,no
19.5,S2,R2C2,8,2,no,0.32,no
19.5,S3,R3C1,4,0,no,0.28,no
19.5,S4,R3C2,6,41,no,0.35,no
20.0,S1,R1C1,4,-3,no,0.29,no
20.0,S2,R2C2,53,2,no,0.0,no
20.0,S3,R3C1,2,-1,no,0.33,no
20.0,S4,R3C2,7,37,no,0.37,no
20.5,S1,R1C1,2,1,no,0.32,no
20.5,S2,R2C2,47,-1,no,0.04,no
20.5,S3,R3C1,5,-3,no,0.29,no
20.5,S4,R3C2,6,0,no,0.33,no
21.0,S1,R1C1,4,1,no,0.28,no
21.0,S2,R2C2,51,2,no,0.0,no
21.0,S3,R3C1,2,-2,no,0.29,no
21.0,S4,R3C2,3,-2,no,0.33,no
21.5,S1,R1C1,7,-1,no,0.3,no
21.5,S2,R2C2,48,-1,no,0.02,no
21.5,S3,R3C1,7,-2,no,0.29,no
21.5,S4,R3C2,8,-3,no,0.33,no
22.0,S1,R1C1,2,-3,no,0.27,no
22.0,S2,R2C2,51,1,no,0.05,no
22.0,S3,R3C1,6,0,no,0.28,no
22.0,S4,R3C2,5,-3,no,0.31,no
22.5,S1,R1C1,7,0,no,0.31,no
22.5,S2,R2C2,51,3,no,0.04,no
22.5,S3,R3C1,6,-1,no,0.31,no
22.5,S4,R3C2,3,-1,no,0.28,no
23.0,S1,R1C1,7,2,no,0.31,no
23.0,S2,R2C2,50,-1,no,0.05,no
23.0,S3,R3C1,8,-2,no,0.27,no
23.0,S4,R3C2,7,2,no,0.32,no
23.5,S1,R1C1,5,-2,no,0.27,no
23.5,S2,R2C2,52,3,no,0.01,no
23.5,S3,R3C1,6,2,no,0.33,no
23.5,S4,R3C2,6,-2,no,0.31,no
24.0,S1,R1C1,2,0,no,0.28,no
24.0,S2,R2C2,49,0,no,0,no
24.0,S3,R3C1,4,-1,no,0.33,no
24.0,S4,R3C2,6,-1,no,0.28,no
24.5,S1,R1C1,4,-2,no,0.29,no
24.5,S2,R2C2,47,-1,no,0.01,no
24.5,S3,R3C1,5,-1,no,0.3,no
24.5,S4,R3C2,3,-2,no,0.3,no
25.0,S1,R1C1,2,-3,no,0.29,no
25.0,S2,R2C2,47,-2,no,0.01,no
25.0,S3,R3C1,2,0,no,0.27,no
25.0,S4,R3C2,4,2,no,0.28,no
25.5,S1,R1C1,6,1,no,0.32,no
25.5,S2,R2C2,48,2,no,0.04,no
25.5,S3,R3C1,8,1,no,0.29,no
25.5,S4,R3C2,4,2,no,0.33,no
26.0,S1,R1C1,3,-1,no,0.31,no
26.0,S2,R2C2,52,-2,no,0,no
26.0,S3,R3C1,8,2,no,0.32,no
26.0,S4,R3C2,7,0,no,0.31,no
26.5,S1,R1C1,8,1,no,0.28,no
26.5,S2,R2C2,51,3,no,0.02,no
26.5,S3,R3C1,8,3,no,0.32,no
26.5,S4,R3C2,8,2,no,0.31,no
27.0,S1,R1C1,7,2,no,0.33,no
27.0,S2,R2C2,52,-2,no,0,no
27.0,S3,R3C1,2,-2,no,0.31,no
27.0,S4,R3C2,2,0,no,0.32,no
27.5,S1,R1C1,6,-3,no,0.31,no
27.5,S2,R2C2,52,1,no,0.03,no
27.5,S3,R3C1,5,-1,no,0.27,no
27.5,S4,R3C2,8,-3,no,0.31,no
28.0,S1,R1C1,6,1,no,0.28,no
28.0,S2,R2C2,51,-3,no,0.03,no
28.0,S3,R3C1,5,-1,no,0.32,no
28.0,S4,R3C2,8,-1,no,0.28,no
28.5,S1,R1C1,8,-2,no,0.28,no
28.5,S2,R2C2,52,0,no,0.02,no
28.5,S3,R3C1,5,-3,no,0.3,no
28.5,S4,R3C2,7,-1,no,0.32,no
29.0,S1,R1C1,6,2,no,0.31,no
29.0,S2,R2C2,47,1,no,0,no
29.0,S3,R3C1,4,2,no,0.31,no
29.0,S4,R3C2,4,1,no,0.3,no
29.5,S1,R1C1,2,0,no,0.27,no
29.5,S2,R2C2,49,2,no,0,no
29.5,S3,R3C1,3,2,no,0.3,no
29.5,S4,R3C2,7,1,no,0.29,no
30.0,S1,R1C1,5,0,yes,0.47,no
30.0,S2,R2C2,51,-2,no,0.01,no
30.0,S3,R3C1,2,0,no,0.27,no
30.0,S4,R3C2,5,-3,no,0.32,no
30.5,S1,R1C1,5,-1,yes,0.44,no
30.5,S2,R2C2,48,-3,no,0.02,no
30.5,S3,R3C1,3,2,no,0.3,no
30.5,S4,R3C2,4,-2,no,0.31,no
31.0,S1,R1C1,7,1,yes,0.44,no
31.0,S2,R2C2,47,2,no,0.01,no
31.0,S3,R3C1,5,0,no,0.29,no
31.0,S4,R3C2,3,-3,no,0.33,no
31.5,S1,R1C1,7,0,yes,0.44,no
31.5,S2,R2C2,52,-2,no,0.01,no
31.5,S3,R3C1,5,-1,no,0.28,no
31.5,S4,R3C2,4,-3,no,0.29,no
32.0,S1,R1C1,4,3,yes,0.44,no
32.0,S2,R2C2,48,2,no,0,no
32.0,S3,R3C1,7,-1,no,0.29,no
32.0,S4,R3C2,2,0,no,0.29,no
32.5,S1,R1C1,8,1,yes,0.42,no
32.5,S2,R2C2,50,3,no,0.01,no
32.5,S3,R3C1,2,-1,no,0.28,no
32.5,S4,R3C2,8,2,no,0.29,no
33.0,S1,R1C1,3,-2,yes,0.48,no
33.0,S2,R2C2,50,1,no,0.01,no
33.0,S3,R3C1,8,-1,no,0.32,no
33.0,S4,R3C2,5,-3,no,0.32,no
33.5,S1,R1C1,7,0,yes,0.47,no
33.5,S2,R2C2,51,1,no,0.0,no
33.5,S3,R3C1,2,-3,no,0.33,no
33.5,S4,R3C2,5,0,no,0.31,no
34.0,S1,R1C1,3,2,yes,0.47,no
34.0,S2,R2C2,50,-3,no,0.04,no
34.0,S3,R3C1,6,-2,no,0.28,no
34.0,S4,R3C2,5,-1,no,0.29,no
34.5,S1,R1C1,4,2,yes,0.46,no
34.5,S2,R2C2,52,-1,no,0.01,no
34.5,S3,R3C1,3,-1,no,0.3,no
34.5,S4,R3C2,7,0,no,0.28,no
35.0,S1,R1C1,7,-2,no,0.27,no
35.0,S2,R2C2,51,3,no,0.02,no
35.0,S3,R3C1,3,0,no,0.32,no
35.0,S4,R3C2,8,0,no,0.3,no
35.5,S1,R1C1,6,-2,no,0.28,no
35.5,S2,R2C2,48,-1,no,0.02,no
35.5,S3,R3C1,4,-2,no,0.29,no
35.5,S4,R3C2,8,1,no,0.28,no
36.0,S1,R1C1,2,2,no,0.32,no
36.0,S2,R2C2,50,0,no,0.03,no
36.0,S3,R3C1,3,0,no,0.29,no
36.0,S4,R3C2,8,-3,no,0.3,no
36.5,S1,R1C1,6,-1,no,0.28,no
36.5,S2,R2C2,51,1,no,0.03,no
36.5,S3,R3C1,8,3,no,0.28,no
36.5,S4,R3C2,4,-2,no,0.29,no
37.0,S1,R1C1,7,0,no,0.3,no
37.0,S2,R2C2,49,3,no,0.04,no
37.0,S3,R3C1,2,-2,no,0.27,no
37.0,S4,R3C2,7,3,no,0.32,no
37.5,S1,R1C1,5,1,no,0.3,no
37.5,S2,R2C2,47,0,no,0.05,no
37.5,S3,R3C1,8,1,no,0.32,no
37.5,S4,R3C2,5,-2,no,0.32,no
38.0,S1,R1C1,3,-2,no,0.28,no
38.0,S2,R2C2,52,-3,no,0.05,no
38.0,S3,R3C1,7,2,no,0.31,no
38.0,S4,R3C2,8,0,no,0.28,no
38.5,S1,R1C1,8,-3,no,0.27,no
38.5,S2,R2C2,48,-2,no,0.02,no
38.5,S3,R3C1,2,2,no,0.31,no
38.5,S4,R3C2,3,2,no,0.29,no
39.0,S1,R1C1,7,0,no,0.31,no
39.0,S2,R2C2,47,-3,no,0,no
39.0,S3,R3C1,6,1,no,0.28,no
39.0,S4,R3C2,4,-2,no,0.32,no
39.5,S1,R1C1,2,-3,no,0.3,no
39.5,S2,R2C2,50,-1,no,0.05,no
39.5,S3,R3C1,7,3,no,0.32,no
39.5,S4,R3C2,5,1,no,0.28,no
40.0,S1,R1C1,3,-3,no,0.33,no
40.0,S2,R2C2,52,2,no,0.01,no
40.0,S3,R3C1,32,-2,no,0.08,yes
40.0,S4,R3C2,7,2,no,0.3,no
40.5,S1,R1C1,4,-2,no,0.31,no
40.5,S2,R2C2,49,-2,no,0.02,no
40.5,S3,R3C1,37,-1,no,0.09,yes
40.5,S4,R3C2,4,2,no,0.29,no
41.0,S1,R1C1,2,3,no,0.29,no
41.0,S2,R2C2,53,1,no,0,no
41.0,S3,R3C1,35,-2,no,0.07,yes
41.0,S4,R3C2,8,-2,no,0.28,no
41.5,S1,R1C1,3,-1,no,0.32,no
41.5,S2,R2C2,49,-3,no,0.05,no
41.5,S3,R3C1,35,1,no,0.06,yes
41.5,S4,R3C2,3,0,no,0.3,no
42.0,S1,R1C1,7,-3,no,0.33,no
42.0,S2,R2C2,48,0,no,0,no
42.0,S3,R3C1,32,1,no,0.06,yes
42.0,S4,R3C2,2,2,no,0.27,no
42.5,S1,R1C1,5,0,no,0.32,no
42.5,S2,R2C2,49,2,no,0,no
42.5,S3,R3C1,32,-2,no,0.07,yes
42.5,S4,R3C2,3,2,no,0.33,no
43.0,S1,R1C1,7,0,no,0.27,no
43.0,S2,R2C2,52,2,no,0.01,no
43.0,S3,R3C1,34,-1,no,0.08,yes
43.0,S4,R3C2,2,-3,no,0.27,no
43.5,S1,R1C1,2,-1,no,0.3,no
43.5,S2,R2C2,47,1,no,0.05,no
43.5,S3,R3C1,33,0,no,0.07,yes
43.5,S4,R3C2,8,-1,no,0.32,no
44.0,S1,R1C1,5,-3,no,0.27,no
44.0,S2,R2C2,50,-2,no,0.01,no
44.0,S3,R3C1,35,-2,no,0.07,yes
44.0,S4,R3C2,7,0,no,0.27,no
44.5,S1,R1C1,5,-2,no,0.32,no
44.5,S2,R2C2,53,0,no,0,no
44.5,S3,R3C1,32,0,no,0.05,yes
44.5,S4,R3C2,2,-1,no,0.28,no
45.0,S1,R1C1,2,1,no,0.29,no
45.0,S2,R2C2,49,-1,no,0.05,no
45.0,S3,R3C1,36,-3,no,0.07,yes
45.0,S4,R3C2,7,2,no,0.29,no
45.5,S1,R1C1,4,-1,no,0.27,no
45.5,S2,R2C2,53,1,no,0.04,no
45.5,S3,R3C1,37,-3,no,0.05,yes
45.5,S4,R3C2,3,-3,no,0.3,no
46.0,S1,R1C1,5,3,no,0.29,no
46.0,S2,R2C2,49,0,no,0.04,no
46.0,S3,R3C1,33,0,no,0.06,yes
46.0,S4,R3C2,8,2,no,0.29,no
46.5,S1,R1C1,7,3,no,0.28,no
46.5,S2,R2C2,48,-1,no,0.04,no
46.5,S3,R3C1,35,-1,no,0.1,yes
46.5,S4,R3C2,6,-3,no,0.3,no
47.0,S1,R1C1,5,3,no,0.28,no
47.0,S2,R2C2,50,-3,no,0.03,no
47.0,S3,R3C1,35,1,no,0.08,no
47.0,S4,R3C2,3,0,no,0.32,no
47.5,S1,R1C1,2,-1,no,0.31,no
47.5,S2,R2C2,48,-3,no,0.02,no
47.5,S3,R3C1,37,0,no,0.06,yes
47.5,S4,R3C2,3,0,no,0.3,no
48.0,S1,R1C1,7,-2,no,0.31,no
48.0,S2,R2C2,53,3,no,0.03,no
48.0,S3,R3C1,32,3,no,0.1,yes
48.0,S4,R3C2,4,-1,no,0.3,no
48.5,S1,R1C1,4,-1,no,0.31,no
48.5,S2,R2C2,48,0,no,0.0,no
48.5,S3,R3C1,33,-2,no,0.06,yes
48.5,S4,R3C2,6,-2,no,0.29,no
49.0,S1,R1C1,5,-1,no,0.33,no
49.0,S2,R2C2,51,1,no,0.0,no
49.0,S3,R3C1,38,-3,no,0.09,yes
49.0,S4,R3C2,2,-3,no,0.27,no
49.5,S1,R1C1,8,-2,no,0.32,no
49.5,S2,R2C2,49,-3,no,0.04,no
49.5,S3,R3C1,33,-3,no,0.05,yes
49.5,S4,R3C2,6,3,no,0.3,no
50.0,S1,R1C1,2,-1,no,0.3,no
50.0,S2,R2C2,48,0,no,0.03,no
50.0,S3,R3C1,38,3,no,0.09,yes
50.0,S4,R3C2,2,-3,no,0.31,no
50.5,S1,R1C1,7,1,no,0.29,no
50.5,S2,R2C2,47,-1,no,0.01,no
50.5,S3,R3C1,32,-2,no,0.11,yes
50.5,S4,R3C2,2,1,no,0.31,no
51.0,S1,R1C1,3,3,no,0.27,no
51.0,S2,R2C2,49,0,no,0.03,no
51.0,S3,R3C1,33,1,no,0.07,yes
51.0,S4,R3C2,3,-3,no,0.32,no
51.5,S1,R1C1,6,0,no,0.27,no
51.5,S2,R2C2,47,3,no,0.01,no
51.5,S3,R3C1,36,-2,no,0.09,yes
51.5,S4,R3C2,2,2,no,0.28,no
52.0,S1,R1C1,7,-1,no,0.29,no
52.0,S2,R2C2,49,2,no,0.01,no
52.0,S3,R3C1,32,-1,no,0.09,yes
52.0,S4,R3C2,4,0,no,0.29,no
52.5,S1,R1C1,8,3,no,0.33,no
52.5,S2,R2C2,49,2,no,0.0,no
52.5,S3,R3C1,37,0,no,0.06,yes
52.5,S4,R3C2,2,0,no,0.32,no
53.0,S1,R1C1,5,-3,no,0.32,no
53.0,S2,R2C2,50,1,no,0.04,no
53.0,S3,R3C1,35,3,no,0.06,yes
53.0,S4,R3C2,2,-3,no,0.3,no
53.5,S1,R1C1,7,3,no,0.32,no
53.5,S2,R2C2,47,1,no,0.03,no
53.5,S3,R3C1,34,2,no,0.08,yes
53.5,S4,R3C2,3,-1,no,0.29,no
54.0,S1,R1C1,6,-2,no,0.33,no
54.0,S2,R2C2,47,0,no,0.02,no
54.0,S3,R3C1,38,3,no,0.11,yes
54.0,S4,R3C2,3,-1,no,0.28,no
54.5,S1,R1C1,2,0,no,0.29,no
54.5,S2,R2C2,51,2,no,0.01,no
54.5,S3,R3C1,37,1,no,0.09,yes
54.5,S4,R3C2,3,2,no,0.32,no
55.0,S1,R1C1,3,1,no,0.29,no
55.0,S2,R2C2,53,-2,no,0.04,no
55.0,S3,R3C1,33,1,no,0.06,yes
55.0,S4,R3C2,5,1,no,0.28,no
55.5,S1,R1C1,4,-3,no,0.28,no
55.5,S2,R2C2,7,3,no,0.32,no
55.5,S3,R3C1,32,1,no,0.1,yes
55.5,S4,R3C2,7,-3,no,0.31,no
56.0,S1,R1C1,4,-3,no,0.29,no
56.0,S2,R2C2,5,1,no,0.32,no
56.0,S3,R3C1,38,-1,no,0.09,yes
56.0,S4,R3C2,4,1,no,0.28,no
56.5,S1,R1C1,5,2,no,0.29,no
56.5,S2,R2C2,6,0,no,0.28,no
56.5,S3,R3C1,32,1,no,0.11,yes
56.5,S4,R3C2,5,-2,no,0.3,no
57.0,S1,R1C1,6,3,no,0.32,no
57.0,S2,R2C2,8,-2,no,0.32,no
57.0,S3,R3C1,35,-3,no,0.05,yes
57.0,S4,R3C2,4,0,no,0.29,no
57.5,S1,R1C1,8,0,no,0.3,no
57.5,S2,R2C2,7,-3,no,0.27,no
57.5,S3,R3C1,33,-3,no,0.11,yes
57.5,S4,R3C2,4,3,no,0.31,no
58.0,S1,R1C1,2,-3,no,0.32,no
58.0,S2,R2C2,5,2,no,0.33,no
58.0,S3,R3C1,33,-3,no,0.1,yes
58.0,S4,R3C2,6,2,no,0.31,no
58.5,S1,R1C1,2,-2,no,0.28,no
58.5,S2,R2C2,5,-1,no,0.33,no
58.5,S3,R3C1,8,-2,no,0.31,no
58.5,S4,R3C2,7,-2,no,0.27,no
59.0,S1,R1C1,4,1,no,0.32,no
59.0,S2,R2C2,3,-1,no,0.32,no
59.0,S3,R3C1,4,3,no,0.3,no
59.0,S4,R3C2,4,1,no,0.33,no
59.5,S1,R1C1,5,-2,no,0.31,no
59.5,S2,R2C2,6,1,no,0.28,no
59.5,S3,R3C1,4,-3,no,0.28,no
59.5,S4,R3C2,5,-2,no,0.31,no
60.0,S1,R1C1,4,2,no,0.29,no
60.0,S2,R2C2,5,-2,no,0.32,no
60.0,S3,R3C1,4,-3,no,0.32,no
60.0,S4,R3C2,2,2,no,0.32,no
